descriptor;RF;XGB;SVM;Shallow;Deep
MACCS;0.7865682390201106;0.8266587414933362;0.6598341975432265;0.807457525589619;0.7925301679970409
ECFC;0.7145367887096536;0.7716738796038998;0.6192950354094566;0.7588729706798178;0.7429593178580675
RDKit;0.9008726054641726;0.9150129050563574;0.8523076690630587;0.8880905102084328;0.9116772534766676
CDDD;0.8858310373876752;0.904371922476724;0.8843562006783402;0.9347262768541921;0.9185278985615373
