descriptor;RF;XGB;SVM;Shallow;Deep
MACCS;0.6545173816821741;0.6897591189273511;0.4587181620819316;0.5007279119067485;0.21784245146740266
ECFC;0.6988742253043627;0.7278501362386147;0.5941526003754302;0.6890304681026254;0.618572604960093
RDKit;0.6978028095829786;0.7225864475371019;0.6751965016905891;0.3635990275518226;0.6739389222434029
CDDD;0.699495303517585;0.7242665547269385;0.70970942835652;0.4180396936891392;0.6602781992749449
