descriptor;RF;XGB;SVM;Shallow;Deep
MACCS;0.8761955395484091;0.9053086182669468;0.6538120158087097;0.8816713464320874;0.906381701783522
ECFC;0.6797813681404512;0.7650618637425295;0.45677736050428486;0.78969816885997;0.6886668002679381
RDKit;0.8845341425627421;0.9101643876525471;0.7000373621951406;0.9339615411592836;0.9308992885373926
CDDD;0.8370549675217546;0.8668946458418492;0.6479890763288974;0.9295308820407737;0.9169240595436843
