descriptor;RF;XGB;SVM;Shallow;Deep
MACCS;0.424884228502291;0.4745911454378282;0.14665737600017448;0.18041774413584555;0.14810633154776365
ECFC;0.4627779203329553;0.5293868314061718;0.398680005471177;0.5775065130720165;0.5380887956403235
RDKit;0.44146627181693365;0.4831705911914935;0.3897042940648372;-0.23147718288026575;0.45937470793700097
CDDD;0.4423982768019137;0.46565397963274313;0.452958072270809;0.37910422244226083;0.3990540715324782
