descriptor;RF;XGB;SVM;Shallow;Deep
MACCS;0.6106785138407538;0.6523795438209299;0.3554747031047717;0.4764510641472196;0.6686747552753084
ECFC;0.6869464583557937;0.7236430888774501;0.6185668388578293;0.6999869129454027;0.7509454341757522
RDKit;0.6003244876054435;0.651768144545088;0.5721105893723832;0.6224125304963097;0.6831036227039528
CDDD;0.5686376691117452;0.623752035439626;0.6502250497993536;0.7002497358152184;0.7281868176183871
