descriptor;RF;XGB;SVM;Shallow;Deep
MACCS;0.48623715242518517;0.5120142217561066;0.25853644231951056;0.3628972434860479;0.5168627766568282
ECFC;0.5410627700659978;0.5924346490125207;0.5036441790329595;0.5657900178202924;0.6029002695880913
RDKit;0.4835660788695706;0.5150986064808895;0.4918325460938314;0.5153126934205292;0.5420354684662638
CDDD;0.47163711264697794;0.5112594658601826;0.5430786839209792;0.5403076271259557;0.5811689853682743
