descriptor;RF;XGB;SVM;Shallow;Deep
MACCS;0.6741641204471412;0.6983964377027134;0.5421720864184335;0.589263226005139;0.6942325028917111
ECFC;0.6891658720431324;0.7272697861887893;0.6480277217894992;0.6918365025911744;0.7348095147193623
RDKit;0.7064812009367215;0.7288697319724815;0.658970259843398;0.6766080265451759;0.7135654784449987
CDDD;0.6724670909857029;0.6983108628830577;0.7054951714587003;0.7318443517730745;0.7450611536847984
