descriptor;RF;XGB;SVM;Shallow;Deep
MACCS;0.621863577193563;0.6470878088249786;0.5104437382831484;0.5927523226176177;0.636275397792045
ECFC;0.6296847401550745;0.6613860116559629;0.5960611754537145;0.6041692859835515;0.6670920548553886
RDKit;0.6421120197010776;0.6691899105967374;0.630870250276059;0.6719649228376092;0.6747664283978364
CDDD;0.6202533135021312;0.6472399583406606;0.6700624514206699;0.6811783139436245;0.6922792475017432
