descriptor;RF;XGB;SVM;Shallow;Deep
MACCS;0.6880316162749276;0.7090611895454448;0.5234713633165795;0.6122079871323882;0.7040741920010669
ECFC;0.7001721736221179;0.7324184147231845;0.676876885094468;0.7233128042769968;0.7456819534435887
RDKit;0.6879479341132446;0.7066571592848765;0.6404013790124119;0.6998178152502137;0.7190007702942021
CDDD;0.6418754315045296;0.6778154103762997;0.6996146035691708;0.7250433437527829;0.7345746094631134
