descriptor;RF;XGB;SVM;Shallow;Deep
MACCS;0.7093952230139764;0.7293677417456941;0.5583013285249663;0.6330956056918284;0.7226217139996631
ECFC;0.6999888269564072;0.7185166116262056;0.621620428948521;0.6566619917167369;0.7194139537689495
RDKit;0.6985290518091258;0.7166483660078393;0.6752945435148481;0.668224110810141;0.7335202073304479
CDDD;0.6572970888004186;0.6862499824267692;0.7027758739428448;0.7241830502980533;0.7481680217475344
