descriptor;RF;XGB;SVM;Shallow;Deep
MACCS;0.6876890688858197;0.7152404541924466;0.4793880300982454;0.5836228330381956;0.6860627673800893
ECFC;0.7219553669408172;0.7483484944371335;0.6747166814818324;0.6930213709106072;0.7559987629619797
RDKit;0.6875158235975642;0.7245010884979783;0.645300714884027;0.7073642190742672;0.7332279198663798
CDDD;0.6467908912389457;0.6987104936827242;0.7059238330887645;0.7418305394167173;0.7590155559258676
