descriptor;RF;XGB;SVM;Shallow;Deep
MACCS;0.5950561572145914;0.5842958327006829;0.4786981415707726;0.5302244813767689;0.5467679791459037
ECFC;0.6839777738216197;0.701180661101146;0.6561939583982096;0.6224604152499063;0.6244638979398989
RDKit;0.6357262891251005;0.6185754366409417;0.5421312091204542;0.5202472438254627;0.600287953516775
CDDD;0.6117761714200712;0.6301711275701883;0.6372089788531071;0.5830037075755495;0.6693497399725948
