descriptor;RF;XGB;SVM;Shallow;Deep
MACCS;0.6450824982784648;0.658007674863258;0.4383781099682318;0.4647061850022848;0.627185393720741
ECFC;0.6544625753089011;0.6881675398229845;0.5711552717221875;0.6197129752104489;0.669346744290346
RDKit;0.6259840872113274;0.6549142622986553;0.5728519879053231;0.6070897711708978;0.6563957560680684
CDDD;0.5796564083073334;0.6090921462696564;0.6172958520888099;0.6388032453622738;0.6457913959478081
