descriptor;RF;XGB;SVM;Shallow;Deep
MACCS;0.5639867673375967;0.5660343354356925;0.493734176090719;0.47446178516691173;0.504564882953944
ECFC;0.5724656437768194;0.5705908253273817;0.5711880111013925;0.509959742009119;0.5941714375877728
RDKit;0.5921316690711633;0.576153611918758;0.5259913085258837;0.3128525907134847;0.5385202457022753
CDDD;0.5841899941161472;0.6108677852149988;0.6020401681952637;0.21571279729049808;0.5360911774633228
