descriptor;RF;XGB;SVM;Shallow;Deep
MACCS;0.5257941098117848;0.5611937933711113;0.33895431532886666;0.4647462543949912;0.5336623704134857
ECFC;0.5687257137557228;0.6346637579136652;0.5205433788777202;0.6008498280457953;0.6418197985161446
RDKit;0.5240674080307323;0.5724505394491696;0.5068728404590356;0.5622017008346378;0.5917657032294473
CDDD;0.48703410549777715;0.5333148807386252;0.5523931585659878;0.615522530268715;0.6229778533275148
