descriptor;RF;XGB;SVM;Shallow;Deep
MACCS;0.6725672452947619;0.7179778022764908;0.511618942860198;0.6109756522158258;0.734374973570364
ECFC;0.7176714221793042;0.7594345070240688;0.6868678407838621;0.7405322884680261;0.7907434524209728
RDKit;0.7082267063167842;0.7442322476074537;0.723131416508832;0.7623338869890383;0.7765457046189819
CDDD;0.6922829326736744;0.7266673906929362;0.7544516717190071;0.7909215203844876;0.7987958947533365
