descriptor;RF;XGB;SVM;Shallow;Deep
MACCS;0.73597825053297;0.7677176453333602;0.5378099992295191;0.6348071813143109;0.7570544683820467
ECFC;0.7789672809978163;0.8113231563393128;0.692239019133035;0.8025824625748635;0.8332089195963797
RDKit;0.7509607246701889;0.7783172311258482;0.7025694851794736;0.7784895457592079;0.8055706865649898
CDDD;0.737279459219355;0.7797213378897021;0.7454632435747106;0.8285443100638226;0.8356413390616197
