descriptor;RF;XGB;SVM;Shallow;Deep
MACCS;0.6313345224120583;0.6531010292604456;0.47013253439682334;0.5307572871676197;0.646192889155764
ECFC;0.6646062443165138;0.7072611937508859;0.6454514824700474;0.6963244124255562;0.7252527052064555
RDKit;0.6355831578218418;0.6632396065383951;0.6058497959240838;0.6487993611799618;0.6879549626635273
CDDD;0.5742242095312299;0.6304747557599477;0.6680641593379002;0.6904238051769744;0.7225933504971451
