descriptor;RF;XGB;SVM;Shallow;Deep
MACCS;0.7288653066536221;0.7411316136407411;0.46292239692801773;0.5010529430285859;0.7431389756337541
ECFC;0.7626612665320374;0.7809527891821784;0.6521390294353964;0.7120026543853895;0.8131865993902319
RDKit;0.7375988248526435;0.753345202212137;0.636207612686736;0.7144853350009223;0.8015718063304086
CDDD;0.7136306770440404;0.7438613971468347;0.7220800845290358;0.7090939352511839;0.801237773079601
