descriptor;RF;XGB;SVM;Shallow;Deep
MACCS;0.5262704736591339;0.554936922440429;0.29165921226327984;0.37142076369506405;0.5344959681938591
ECFC;0.5323834275665438;0.5757768012807372;0.4705064323176843;0.4911836332621652;0.5806916461404833
RDKit;0.5136382514439192;0.5479455533148418;0.4606011764189011;0.500805040231985;0.5805817702381101
CDDD;0.48467354114838324;0.5291933044379695;0.5460555484595446;0.5729952764138084;0.6097362894542535
