descriptor;RF;XGB;SVM;Shallow;Deep
MACCS;0.3793155748124374;0.40728908320565715;0.13677595422618316;0.19129364683257633;0.5123400496343167
ECFC;0.43784391630804764;0.5527041042551202;0.287810965226312;0.5505805435686688;0.6175774495196739
RDKit;0.4413041630499167;0.5005632945112448;0.34572453991436236;0.15993155446769836;0.5531753958607761
CDDD;0.3368368735465075;0.37944772272781047;0.36641425833054087;0.3064672732138677;0.5262322508118493
