descriptor;RF;XGB;SVM;Shallow;Deep
MACCS;0.5938582551788938;0.6333717607635463;0.3134348324303323;0.48097428772622264;0.5992155728798603
ECFC;0.6314191862854128;0.6631856016383963;0.5768904503130383;0.6546116543532068;0.708455801690935
RDKit;0.5748337197908113;0.6339024714412619;0.5447284807327546;0.6330628441710426;0.6487315211497828
CDDD;0.5218816241383941;0.609625085631146;0.6364889823913291;0.6845670984493304;0.6999551257684048
