descriptor;RF;XGB;SVM;Shallow;Deep
MACCS;0.46639587650462433;0.4616416273566937;0.29392452582408424;0.3848966952449908;0.4584843298878042
ECFC;0.5315252921585143;0.570955195861597;0.49520786685965545;0.5259400098683943;0.5799255372915004
RDKit;0.46432164392517883;0.48939621775871733;0.43389320731303593;0.4446993827434853;0.49041403987364873
CDDD;0.46077769414480185;0.5079807469092317;0.5282399999824197;0.580247821685978;0.5926918922301133
