descriptor;RF;XGB;SVM;Shallow;Deep
MACCS;0.7761497828795774;0.799773547849621;0.608833638473398;0.7041060611241237;0.7888821071827332
ECFC;0.8027259773659459;0.824325554024407;0.7705565079508615;0.8226350572643868;0.8380964266475717
RDKit;0.7681166658231775;0.7923083091273245;0.7594679880075689;0.8113735121257657;0.806681607250491
CDDD;0.7516327665429952;0.7760966467035523;0.8016893672795942;0.8302333726623701;0.8360005218099391
