descriptor;RF;XGB;SVM;Shallow;Deep
MACCS;0.5393808646846188;0.5508595264326426;0.3562744746923;0.38031435525765345;0.5011032127688986
ECFC;0.5896313365148906;0.6393602670572913;0.5028585114276133;0.5795078766954854;0.6120749879737203
RDKit;0.5849624191459004;0.6036729981418356;0.5754176681410745;0.5735099540457491;0.6003230004974653
CDDD;0.5773371560370087;0.5984391258502062;0.6107349908178878;0.6200878852054243;0.6318319943538225
