descriptor;RF;XGB;SVM;Shallow;Deep
MACCS;0.7154774717605532;0.7401795719564261;0.6296364178346303;0.616740962553469;0.746413074850711
ECFC;0.723303576894017;0.7587935411052766;0.7116240317377677;0.6497036146614167;0.7546974847956717
RDKit;0.7217916980476857;0.727910252048498;0.6667910212627424;0.6839633964301299;0.7602600892496696
CDDD;0.7207109981910915;0.7363301920321892;0.7402114320471839;0.6947120343460107;0.7752349270399794
