descriptor;RF;XGB;SVM;Shallow;Deep
MACCS;0.4667976073321968;0.4896887445327519;0.309060771450574;0.38428079364538303;0.48776020779703244
ECFC;0.53822818765937;0.580558664853048;0.5035424435998748;0.54446236058983;0.6048322275735089
RDKit;0.47123470946322976;0.5161456629694788;0.4410597285074791;0.48441809111973766;0.5252100380462641
CDDD;0.4386267120028866;0.48722869761221765;0.5167840902608662;0.5551052819903417;0.5760932879846943
