descriptor;RF;XGB;SVM;Shallow;Deep
MACCS;0.4211884242070242;0.44854189239289566;0.2463229357789023;0.2525103254851855;0.45181045663932984
ECFC;0.47985062840865644;0.504867781755868;0.4005128732576181;0.4554781633877507;0.5392621866600542
RDKit;0.476362947136748;0.5142077489559842;0.4009729377100776;0.3189629506895886;0.49109991092133665
CDDD;0.4038478288878875;0.43741794449296567;0.43894598949618735;0.40221926318839096;0.5314157486468245
