descriptor;RF;XGB;SVM;Shallow;Deep
MACCS;0.7739449574856242;0.7971061969816097;0.588623875520963;0.6672300301117116;0.7667075577929228
ECFC;0.7880486369087465;0.8152601456312256;0.7299177306593942;0.7952875775960098;0.8214285979241064
RDKit;0.8094358608314431;0.821446259455089;0.7799369534947526;0.8387565508587376;0.8383950114310796
CDDD;0.7737452569886589;0.7923520255107248;0.7995649933523541;0.8335153399852895;0.8389946015774247
