descriptor;RF;XGB;SVM;Shallow;Deep
MACCS;0.5702180966442597;0.5994551906723423;0.37835184535217725;0.47408572181421627;0.5776600186328862
ECFC;0.5611040398051728;0.6277229409384211;0.49328736332500467;0.599504528551214;0.6342483137971718
RDKit;0.588503910835642;0.6160812813880774;0.5521109704000386;0.6062267687613744;0.6259235343226788
CDDD;0.5492474608641498;0.5951526558942807;0.6168542698320038;0.672931658437099;0.6687035745210576
