descriptor;RF;XGB;SVM;Shallow;Deep
MACCS;0.7587289298885049;0.8161070108777055;0.719900194803393;0.8022095511041407;0.7907467367536464
ECFC;0.7354192632962648;0.7917283201525664;0.7401998395423592;0.7967265272930606;0.7605939926918082
RDKit;0.8003315106633245;0.8415616247097014;0.7942650468948682;0.8717199130216412;0.8595696592575247
CDDD;0.7604419136152042;0.8029388966904694;0.809393621290859;0.8698525993913797;0.8587070761683152
