descriptor;RF;XGB;SVM;Shallow;Deep
MACCS;0.3529940797098842;0.36151011998054755;0.37370582954377096;0.24166936758467017;0.30759352047119054
ECFC;0.33626450841379746;0.2948487072864805;0.3005761240519986;0.15044348736103771;0.1889819630108114
RDKit;0.34354172655536475;0.3852259801278652;0.5074835277753215;0.5233448113910626;0.43196198701804284
CDDD;0.3309057938765455;0.35456737047398545;0.4189835014331339;0.45136370724163927;0.3644166243729104
