descriptor;RF;XGB;SVM;Shallow;Deep
MACCS;0.2304652574732737;0.18127043674164164;0.27403656208575955;0.18497074305210126;0.38940145765166906
ECFC;0.33050012422268515;0.30268400122587485;0.3369341208330674;0.11171417283252513;0.2959124143034905
RDKit;0.3080224117768381;0.3054709674969103;0.17662672375459507;0.37534688723270365;0.2719266226357469
CDDD;0.2738748879754023;0.21028711528550914;0.2466057667810078;0.4100477426549052;0.302127504695934
