descriptor;RF;XGB;SVM;Shallow;Deep
MACCS;0.5398882317700231;0.5144206739185687;0.3575103815768741;0.37543278914627753;0.5308600913970135
ECFC;0.5154923395813756;0.4127783715729379;0.32354967720896016;0.20022994259983476;0.4160896919445331
RDKit;0.6306566490650497;0.6549896408146844;0.6555889409600018;0.6271249277319532;0.620249188682973
CDDD;0.5638349776371253;0.559180798650094;0.5055785138630731;0.56960286172962;0.6208453596788367
