descriptor;RF;XGB;SVM;Shallow;Deep
MACCS;0.23777321064275383;0.20542103154158797;0.15625676231066196;0.20738372990491608;0.1726689401322502
ECFC;0.19396881197954022;0.1943210945811661;0.29347493401402613;0.232089856830862;0.29379442965486674
RDKit;0.25815265502605506;0.2561429915567373;0.23784139865984627;0.3683065641090533;0.23237355265506152
CDDD;0.237553715232308;0.22119847152505626;0.2572962950557086;0.30699649817536134;0.1971407289019895
