descriptor;RF;XGB;SVM;Shallow;Deep
MACCS;0.3148129985204187;0.3056568171434821;0.2415183560681316;0.2361559691372208;0.12207098713568217
ECFC;0.34594852672486687;0.3448368783462525;0.35974151717484176;0.3258217239732952;0.20490170862497242
RDKit;0.4052681936494982;0.37692127430706784;0.29554658585553756;0.4898520837786748;0.31114601444678025
CDDD;0.3711074302571531;0.32233954467912745;0.31427397822961595;0.22365935563717448;0.27086954649669204
