descriptor;RF;XGB;SVM;Shallow;Deep
MACCS;0.3534721277654682;0.39515295061271305;0.22216917474624667;0.24047429682288884;0.3580560957793041
ECFC;0.43981912388958966;0.4198126309830567;0.3460116794989343;0.3457096993490961;0.434916931460372
RDKit;0.41410850993394704;0.43644558031052094;0.3735558102647386;0.3338412555014717;0.3732001483102511
CDDD;0.42329802054344956;0.42655756094966024;0.36400273955325335;0.36074962539129096;0.3649695853325908
