descriptor;RF;XGB;SVM;Shallow;Deep
MACCS;0.24744930939577595;0.3426788893791611;0.19425403168662206;0.19278318448704673;0.31103364890977003
ECFC;0.2871118968470456;0.28385538793446313;0.22461810728379772;0.2681695024537282;0.3332225314005351
RDKit;0.30774652896701304;0.30277814299300904;0.2688816386300229;0.17796742759641057;0.2914916330765165
CDDD;0.3135905293788173;0.33005864188331346;0.16958015161785878;0.2771467996387386;0.3003990405618093
