descriptor;RF;XGB;SVM;Shallow;Deep
MACCS;0.3440776276530946;0.36129605995681585;0.20474182257872395;0.22143832925322463;0.36968338558280156
ECFC;0.34375046235541673;0.3497421878144568;0.27663076231902783;0.2409966105771339;0.3369833823912969
RDKit;0.370779188959311;0.3945567965769374;0.27783237746084694;0.34670459988798163;0.3420524888871599
CDDD;0.4125773529127899;0.41997608150772775;0.3286369163607928;0.3089148760618185;0.32490777697560036
