descriptor;RF;XGB;SVM;Shallow;Deep
MACCS;0.3220473947784307;0.3603414189473364;0.21514156115836175;0.20988997872862233;0.35335158711267683
ECFC;0.37086724822120043;0.35738403623216564;0.26999726279418634;0.2986408534367712;0.36605638292274384
RDKit;0.3390727589867228;0.33027090031871914;0.26145554713195224;0.2754526723555413;0.30388182668247643
CDDD;0.3354463291534735;0.3408874889820263;0.292963479399041;0.26933617256413345;0.3222181009094792
