descriptor;RF;XGB;SVM;Shallow;Deep
MACCS;0.41786401951552365;0.3936607298737455;0.3871204336798984;0.24388751364256808;0.3514839344820771
ECFC;0.4310270396199485;0.415345595422847;0.392140099821783;0.30548375672090605;0.39881578462864165
RDKit;0.4189977591132815;0.3849249282976169;0.38339820386958046;0.29797339205648776;0.38039130145093775
CDDD;0.4329022829788839;0.38336407024224217;0.3885190673822385;0.31710735791435907;0.3290563936688343
