descriptor;RF;XGB;SVM;Shallow;Deep
MACCS;0.37752039080195343;0.4310666265626282;0.3855378464538094;0.36615288451912553;0.34936545754195836
ECFC;0.38231781004229526;0.39337828390420193;0.45151795367561726;0.3415859218855587;0.41198293454145624
RDKit;0.43625469107649745;0.479503137779443;0.45814314234123965;0.33118113097456203;0.348709322629683
CDDD;0.364296867508505;0.41327968702579365;0.40829266999265035;0.36206572256457037;0.33249712948037774
