descriptor;RF;XGB;SVM;Shallow;Deep
MACCS;0.3288679175944203;0.37609071072049755;0.1821873000592817;0.12381693717360877;0.3202656019845056
ECFC;0.36144186303570386;0.35550101881563795;0.29496109452405583;0.34440210522756587;0.4020298843751945
RDKit;0.34708987500799354;0.38375104093940604;0.25591283550580857;0.23104134976428456;0.3163681301163154
CDDD;0.33257610826944667;0.3275693097179004;0.3011762937652428;0.30985269713447416;0.33671077009386163
