descriptor;RF;XGB;SVM;Shallow;Deep
MACCS;0.24749667700487374;0.18130839321145803;-0.1346535416385737;-0.02265993720020805;0.14663173508504942
ECFC;0.0816724778948585;0.08840900772475967;-0.01000173373658762;-0.1209088632467107;-0.023056770241374657
RDKit;0.1309857255687619;0.16809539403979887;-0.02200689641887076;0.1286914141511433;0.10456743272138853
CDDD;0.127489356783726;0.07839378937026834;0.1031419159715667;0.11245786056905087;0.07216774864672228
