descriptor;RF;XGB;SVM;Shallow;Deep
MACCS;0.4857564769914544;0.538283140986827;0.261361246819894;0.24171923919163726;0.45951762331492435
ECFC;0.5401335913602597;0.5257759489424043;0.450730705563006;0.35835321171871953;0.5123948562313779
RDKit;0.49926389752070893;0.5774722566213706;0.44359502893269903;0.3387664340713629;0.4896059082548833
CDDD;0.4858190873706931;0.5221103511009249;0.4941211744550883;0.21656807172025092;0.37973846943454154
