descriptor;RF;XGB;SVM;Shallow;Deep
MACCS;0.31400862471297625;0.3319441073795434;0.39696548247988495;0.04622248772565198;0.20177534676199899
ECFC;0.45576100957679155;0.3514803890454944;0.21006869901245165;-0.058781525939477657;-0.0595469225455971
RDKit;0.2281301920958799;0.21706927772695878;0.029239083764257837;0.13432710437396156;0.06253850318292979
CDDD;0.22429387496033004;0.2657933055799279;0.02752160845296544;0.24324677506673884;-0.012839061362405957
