descriptor;RF;XGB;SVM;Shallow;Deep
MACCS;0.3658834563395775;0.4246062723831936;0.2710619402330652;0.2486060920674085;0.3346343128964878
ECFC;0.4199495820160361;0.3912792489284065;0.40452944799773755;0.26895493971923556;0.39486777957663116
RDKit;0.41645760131405124;0.41027572819226726;0.35958116024051023;0.2965193418614717;0.33198701655911694
CDDD;0.44152311546232503;0.4993445415559209;0.39467878257262023;0.3352215542164134;0.3105932530200253
