descriptor;RF;XGB;SVM;Shallow;Deep
MACCS;0.36536166224319444;0.4006437527062735;0.2013322073100216;0.20173606606216996;0.41262856634113976
ECFC;0.36321869412262825;0.3712887480959315;0.26820692667180296;0.31090363237287655;0.3749547775369829
RDKit;0.3639105791198225;0.37550971375302133;0.32548415265010583;0.29461525000760835;0.2826224476938413
CDDD;0.3768895928536763;0.39743193672272226;0.3200134559518795;0.2990011281589653;0.2808424472346758
