descriptor;RF;XGB;SVM;Shallow;Deep
MACCS;0.2806931093436367;0.30078496143184985;0.3337340530167916;0.2636862408277765;0.25536905821299
ECFC;0.3317792546379669;0.3506253968791948;0.3025014497414025;0.21942686545449133;0.25523194415798645
RDKit;0.30316088402743874;0.3390550482895807;0.273999788652572;0.21800434846644293;0.24236165733307372
CDDD;0.37584252053989764;0.3843753353969329;0.3229567946062593;0.21229324221421014;0.24522671007142138
