descriptor;RF;XGB;SVM;Shallow;Deep
MACCS;0.3447058684837735;0.4088415985278272;0.2650058552042289;0.2801403277978749;0.4609841387930509
ECFC;0.41675861890158433;0.41711333056903127;0.22563240270415352;0.2956083546070445;0.45948462933780515
RDKit;0.37815644035352314;0.445373382349483;0.35582557319261016;0.33280940917794705;0.42213922339385446
CDDD;0.3975366247323169;0.4595024185633021;0.3382286858995583;0.3726848604813041;0.3893606085378843
