descriptor;RF;XGB;SVM;Shallow;Deep
MACCS;0.5722775247317803;0.5583320313816311;0.6236425238869845;0.3745406349141266;0.5659849152694545
ECFC;0.5100417590698905;0.4457429007106889;0.5105746755901611;0.3473889918275137;0.4727761309954287
RDKit;0.597499569354437;0.5539317880992896;0.49470842055231495;0.27991219307814136;0.4785571500241892
CDDD;0.6331635022760002;0.5892772436044716;0.5108296460411595;0.37368063984858246;0.4743258659039233
