descriptor;RF;XGB;SVM;Shallow;Deep
MACCS;0.3249370574167149;0.3769454813464407;0.34263721916897766;0.2518068008018214;0.33166215464156923
ECFC;0.35034724353858426;0.33990616500332305;0.4208651243704073;0.325171394672852;0.33786385917944084
RDKit;0.3248229166388627;0.34646245332272774;0.3785742312096453;0.27139884344462917;0.30830630233259576
CDDD;0.35541476376429004;0.3697157257364932;0.3644650164021065;0.2822048154662922;0.28348236806914234
