descriptor;RF;XGB;SVM;Shallow;Deep
MACCS;0.650954716667137;0.6891875935985722;0.41192105919122934;0.4010111925606018;0.5039991402365177
ECFC;0.6476662651202187;0.6196657238142803;0.5635420745855605;0.4933264993159094;0.5691233485631042
RDKit;0.6277209744010096;0.618332587210551;0.5463255983973607;0.5435259755862396;0.4730677831131597
CDDD;0.6268378477805289;0.5858243979813531;0.5955977378012519;0.4773080129633067;0.4651466009958808
