descriptor;RF;XGB;SVM;Shallow;Deep
MACCS;0.25593010675707134;0.30271793274245207;0.19010732992917692;0.1630255245970778;0.3187015987164121
ECFC;0.31600150612664635;0.3238987169756232;0.2659315896219063;0.3621865215187328;0.371018638282283
RDKit;0.2927176707801595;0.2983855745785848;0.26354988506065036;0.21127151135631297;0.3288994478084891
CDDD;0.3231117918155787;0.2937463540662373;0.3017460446962362;0.29218639934380064;0.3304151942289925
