descriptor;RF;XGB;SVM;Shallow;Deep
MACCS;0.4161508941057492;0.4202841421011379;0.28896910545085847;0.29425903625394095;0.4194622883784209
ECFC;0.4002037568791559;0.41457452687237545;0.41083465384885764;0.33639301573358504;0.46581300255962943
RDKit;0.45459514235410914;0.4398055815065126;0.35761135835449864;0.1906174051741285;0.4377649587370829
CDDD;0.43666306089909;0.4068402317697739;0.44536515027805057;0.2985427831477203;0.43165966108650244
