descriptor;RF;XGB;SVM;Shallow;Deep
MACCS;0.41431245795819777;0.4291202854109792;0.2591488876441803;0.25987773104642137;0.41708438759390043
ECFC;0.3979076872131887;0.4198451606434927;0.32275977006145484;0.3774583075565316;0.4385288323038981
RDKit;0.4245628199848982;0.4442530647523639;0.37030032826873865;0.36367160396983267;0.39610393033775415
CDDD;0.37946338507853705;0.4233741966981848;0.33029016442799547;0.3603728394507811;0.30884898334579775
