descriptor;RF;XGB;SVM;Shallow;Deep
MACCS;0.33334554245928266;0.37483101713558264;0.33870117978124065;0.297069977275392;0.32416463336329776
ECFC;0.40827315313705664;0.3871587539991401;0.3567770699214409;0.21613089820827353;0.3024667645630119
RDKit;0.33633028291299316;0.3349692073187754;0.27288373599254045;0.23992317184158657;0.29355263231361073
CDDD;0.3593702994399807;0.3453373236330338;0.2896216101529304;0.1847271651191227;0.3051482682955427
