descriptor;RF;XGB;SVM;Shallow;Deep
MACCS;0.42604820927675624;0.39886602381010244;0.3493318321673423;0.21659593362776464;0.357307142377388
ECFC;0.42425663666164093;0.34389334612878714;0.44165657221395055;0.11728669474035237;0.3150012322419302
RDKit;0.42385636057672577;0.4228260338352987;0.287532926210008;0.29021568545972815;0.28957329931666104
CDDD;0.4702150007356862;0.45209793435482654;0.3509916868751729;0.29798139693635645;0.26013445157655096
