descriptor;RF;XGB;SVM;Shallow;Deep
MACCS;0.46040149911214456;0.4133362480434918;0.36898270158449664;0.2150234053363844;0.4160330992058945
ECFC;0.4692949542565497;0.40850121193457734;0.4528305519426127;0.3109432445042024;0.41861565587563776
RDKit;0.44459673945938954;0.42488516041929025;0.41134144301276643;0.2533613872077014;0.4261676214531646
CDDD;0.4761150262035043;0.44825678690231796;0.48026156481930143;0.3794176447854078;0.462179000065509
