descriptor;RF;XGB;SVM;Shallow;Deep
MACCS;0.29680542868763377;0.35695338076156313;0.2735373147265321;0.16396026830065144;0.26222438175502233
ECFC;0.3320217227515485;0.34162943972903237;0.27487948473473306;0.16711966849134224;0.3481527660170288
RDKit;0.3776966749121556;0.34354834945759793;0.3257585960888379;0.21434648388795915;0.3072629199698628
CDDD;0.31032697475013504;0.31892256352471315;0.36805862075862944;0.12661753822150806;0.3603971503057054
