descriptor;RF;XGB;SVM;Shallow;Deep
MACCS;0.26702578583547665;0.238261479523013;0.12413622547168114;0.17085199374089463;0.23868549794061045
ECFC;0.3534928685767729;0.24696562288290555;0.2881962805086422;0.1617858834391506;0.2733689754611893
RDKit;0.26108787927840427;0.23695375216580636;0.24638497694802663;0.19945607534907703;0.2730966384287487
CDDD;0.2993094899788365;0.29680779630329085;0.2481140248325809;0.20444537371775273;0.24012901910705828
