descriptor;RF;XGB;SVM;Shallow;Deep
MACCS;0.27385328935605596;0.29624834144183987;0.2451141699680992;0.19433323609398967;0.3067556485080034
ECFC;0.29550678950191495;0.3225603668118983;0.18115993205792955;0.2814791280453951;0.29569610038864363
RDKit;0.34545846782161904;0.40687021841211285;0.2986667544957512;0.2757932613134839;0.3324035683702372
CDDD;0.3404649373747259;0.3438069438301637;0.24486343361532742;0.3097074820969821;0.3045065495403088
