descriptor;RF;XGB;SVM;Shallow;Deep
MACCS;0.46291890654248674;0.47631264720910127;0.34494833717452056;0.30891312141030924;0.3505664661462434
ECFC;0.48546996902610484;0.44845110561785967;0.4587331952637321;0.453085648844439;0.33931427852340323
RDKit;0.5174967147937759;0.5859035614671608;0.4980183905935722;0.47212761372319445;0.46619284716851417
CDDD;0.48040424741518745;0.4817899716803292;0.44823480613592553;0.4126141612838102;0.4339339898474059
